codigoEstacao;tipoEstacao;tema;nomeEstacao;codigoEstacaoMaterializada;inscricaoChapa;dataVisita;situacao;descricaoEstacao;latitude;longitude;latitudeGMS;longitudeGMS;sigmaLatitude;sigmaLongitude;fonteCoordenada;dataMedicaoCoordenada;dataCalculoCoordenada;sistemaReferenciaCoordenada;altitudeGeometrica;sigmaAltitudeGeometrica;fonteAltitudeGeometrica;altitudeOrtometrica;altitudeNormal;fonteAltitude;dataMedicaoAltitude;dataCalculoAltitude;datumAltitude;sigmaAltitude;numeroGeopotencial;valorGravidade;datumGravidade;dataMedicaoGravidade;dataCalculoGravidade;idAjusteRN;notaAjusteRN;localizacao;itinerario;observacao;tipoLocal;municipio;codigomunicipio
10597;P;EP;SC-24-1002;10597;;15/12/1985;BOM;Chapa cravada em uma pedra, quase rente com o nível do chão, e estampada SC-24-1002-1985. O marco de referência A é uma chapa cravada em uma pedra. O marco de referência B é uma chapa cravada na base dos estais da torre da EMBRATEL. O marco de azimute esta no lado sudoeste do Grupo Escolar Manoel Isidório da Silva. ;-10.0428208906;-36.7233754706;" 10º 02' 34,15521""  S";" 36º 43' 24,15169"" W";0,327;0,338;Poligonação;15/12/1985;06/03/2006;SIRGAS2000;;;;372,72;;Nivelamento Trigonométrico;15/12/1985;15/12/1985;Imbituba;;;;;;;;;Na parte mais alta de uma elevação que faz parte de uma cordilheira de morros e que se destaca por uma torre da  EMBRATEL no seu topo. Dista aproximadamente a 10 km a nordeste da cidade de Igreja Nova.;Partir da extremidade norte da ponte sobre o Rio São  Francisco, na Rodovia BR-101, e seguir por essa rodovia na direção norte. Com  21 km passar pelo entroncamento para Igreja Nova. Com 25,9 km e 50 m além do km 223, deixar a Rodovia BR-101 e entrar a esquerda, para a  localidade de Boqueirão. Com 29,4 km passar pelo marco de azimute. Com  31,5 km chega ao local da estação, junto a uma cerca de arame farpado, 30 m a sudeste da torre da EMBRATEL.;;;{'nomeMunicipio': 'Campo Grande', 'geocodigo': '2701506', 'uf': {'sigla': 'AL', 'nomeUF': 'Alagoas'}};2701506
10598;P;EP;SC-24-1003;10598;;15/12/1985;BOM;Tronco quadrangular, com 0,25 m de lado, quase rente ao solo, com uma chapa do IBGE incrustada no topo e  estampada SC-24-1003-1985. Os marcos de referência A e B e o marco de azimute, tem as mesmas  características do marco de centro, com chapas do IBGE estampadas,  respectivamente, MR-A, MR-B e MARCO DE AZIMUTE-1985.  ;-10.2402452081;-36.4978489314;" 10º 14' 24,88275""  S";" 36º 29' 52,25615"" W";0,396;0,391;Poligonação;15/12/1985;06/03/2006;SIRGAS2000;;;;79,17;;Nivelamento Trigonométrico;15/12/1985;15/12/1985;Imbituba;;;;;;;;;Em um canavial distante cerca de 12 km a  nordeste da cidade de Penedo.;Partir do Colégio Diocesano na cidade de Penedo, e seguir  a estrada em direção a Rodovia BR-101. Com 1,4 km deixar essa estrada e entrar a direita para a Colônia Pindorama. Com 7 km entrar a direita  para a Usina Paísa. Com 8,1 km dobrar a esquerda e com 10,6 km chega  ao local dos marcos da estação, a 8 m a esquerda da estrada que vai para o lugarejo de Manibu de Baixo, e uns 50 m a leste de um marco de pedra nº.  V6 T 31 que serve de demarcação das quadras do canavial. O marco de azimute parte-se com zero km da Escola Profª Cecília Batinga, no povoado de Manibu de Cima, e segue-se em direção a cidade de Penedo. Com 700 m dobrar a esquerda. Com 1,3 km a direita. Com 1,4 km a  esquerda. Com 2,4 km passar pelo marco de pedra nº FO T 17 e dobrar a  esquerda. Com 2,5 km novamente a esquerda. Com 2,6 km chega-se ao local  do marco de azimute.;;;{'nomeMunicipio': 'Penedo', 'geocodigo': '2706703', 'uf': {'sigla': 'AL', 'nomeUF': 'Alagoas'}};2706703
10599;P;EP;SC-24-1004;10599;;15/12/1985;BOM;Tronco quadrangular, com 0,25 m de lado, quase rente ao solo, com uma chapa do IBGE incrustada no topo e estampada SC-24-1004 - 1985. Os marcos de referência A e B e o marco de azimute possuem as mesmas características do marco principal com chapas do IBGE estampadas,  respectivamente, MR-A, MR-B e MARCO DE AZIMUTE - 1985.  ;-10.3964352956;-36.3666124578;" 10º 23' 47,16706""  S";" 36º 21' 59,80485"" W";0,435;0,467;Poligonação;15/12/1985;06/03/2006;SIRGAS2000;;;;10,99;;Nivelamento Trigonométrico;15/12/1985;15/12/1985;Imbituba;;;;;;;;;Em uma pequena elevação distante cerca de 8 km  a sudeste da cidade de Piacabuçú e uns 200 m a nordeste de um poço de  petróleo da PETROBRÁS.;Partir da Igreja Matriz de Piacabuçú e seguir a estrada  para Feliz Deserto. Com 5 km entrar a esquerda. Com 8 km deixar essa  estrada e entrar a direita para a localidade de Tatu. Com 10 km passar pelo Grupo Escolar Guedes de Melo. Com 10,6 km passar pelo  marco de azimute, uns 8 m a direita do eixo da estrada, dentro de uma propriedade particular. Com 11,7 km chega ao local dos  marcos da estação, a 18 m a direita da estrada, a 70 m a oeste da sede da Fazenda Tatú.;;EL;{'nomeMunicipio': 'Piaçabuçu', 'geocodigo': '2706802', 'uf': {'sigla': 'AL', 'nomeUF': 'Alagoas'}};2706802
10608;P;EP;SC-24-1013;10608;;15/12/1990;BOM;Chapa do IBGE, estampada  SC-24-1013-1988, cravada em um grande lajedo. Os marcos de referência A e B são chapas estampadas, respectivamente,  MR-A e MR-B-1990, cravadas no mesmo lajedo.  O marco de azimute é uma chapa estampada AZIMUTE-1988, cravada em uma  pedra. ;-9.2201492606;-36.34649472;" 09º 13' 12,53734""  S";" 36º 20' 47,38099"" W";0,284;0,288;Poligonação;15/12/1990;06/03/2006;SIRGAS2000;;;;803,13;;Nivelamento Trigonométrico;15/12/1990;15/12/1990;Imbituba;;;;;;;;;Na extremidade sul de uma elevação formada por um grande lajedo, alongada no sentido norte - sul, conhecida na região por Serra Lisa, distante cerca de 8 km a nordeste da cidade de Chá Prêta.;Partir da ponte sobre o Rio Correntes na periferia da  cidade do mesmo nome, e seguir a estrada para a Fazenda Santa Fé. Com  9,2 km passar pelo Grupo Escolar da referida fazenda. Com 9,3 km  entrar a direita para a cidade de Chá Preta. Com 12,3 km entrar a  direita para a localidade de Serra Lisa. Com 14,3 km entrar a esquerda.  Com 16,1 km entrar novamente a esquerda. Com 19,5 km entrar a esquerda. Com 20,1 km passar pelo marco de azimute, uns 70 m  a esquerda da estrada. Com 20,4 km chega ao local da estação.;A visibilidade é limitada a oeste. ;EL;{'nomeMunicipio': 'Chã Preta', 'geocodigo': '2701902', 'uf': {'sigla': 'AL', 'nomeUF': 'Alagoas'}};2701902
10600;P;EP;SC-24-1005;10600;;15/12/1985;BOM;Bloco quadrangular de concreto, com 25 cm de lado, quase rente ao solo. Possui uma chapa, estampada: SC-24-1005-1985. Os marcos de referência A, B e o de azimute são idênticos ao marco principal. Possuem chapa estampada, MR-A, MR-B e MARCO DE AZIMUTE-1985, respectivamente.;-10.2510882347;-36.2601832997;" 10º 15' 03,91765""  S";" 36º 15' 36,65988"" W";0,466;0,417;Poligonação;15/12/1985;06/03/2006;SIRGAS2000;;;;;34,6571;Nivelamento Geométrico;31/01/1985;30/07/2018;Imbituba;;339,013;;;;;S;Esta RN pertence a um ramal, isto é, uma linha de nivelamento geométrico que não forma circuito, cujos desníveis, portanto, não podem ser ajustados. Consequentemente, as respectivas altitudes são calculadas mediante simples transporte, sem as estimativas de desvio-padrão.;No alto de uma chapada, distante cerca de 6 km a nordeste da cidade de Feliz Deserto.;"Partir da Igreja Matriz de Feliz Deserto e seguir pela estrada na direção de Coruripe; com 6,9 km, passar pelo portão do Sítio Japú, deixar a estrada, entrar à esquerda e subir uma ladeira íngreme; com 7,1 km, seguir à direita, acompanhado a beira da chapada; com 7,2 km, uns 30 m da beira da chapada e 38 m ao sul do poste n. 4316-2, da linha de alta tensão, local da estação. Marco de azimute: situado dentro do Sítio Japú, implantado uns 300 m a sudeste da sua sede e  a 7 m a esquerda do eixo de uma estradinha que segue em direção a praia.";;EL;{'nomeMunicipio': 'Coruripe', 'geocodigo': '2702306', 'uf': {'sigla': 'AL', 'nomeUF': 'Alagoas'}};2702306
9535A;R;RN;9535A;10600;;15/12/1985;BOM;Bloco quadrangular de concreto, com 25 cm de lado, quase rente ao solo. Possui uma chapa, estampada: SC-24-1005-1985. Os marcos de referência A, B e o de azimute são idênticos ao marco principal. Possuem chapa estampada, MR-A, MR-B e MARCO DE AZIMUTE-1985, respectivamente.;-10.2510882347;-36.2601832997;" 10º 15' 03,91765""  S";" 36º 15' 36,65988"" W";0,466;0,417;Poligonação;15/12/1985;06/03/2006;SIRGAS2000;;;;;34,6571;Nivelamento Geométrico;31/01/1985;30/07/2018;Imbituba;;339,013;;;;;S;Esta RN pertence a um ramal, isto é, uma linha de nivelamento geométrico que não forma circuito, cujos desníveis, portanto, não podem ser ajustados. Consequentemente, as respectivas altitudes são calculadas mediante simples transporte, sem as estimativas de desvio-padrão.;No alto de uma chapada, distante cerca de 6 km a nordeste da cidade de Feliz Deserto.;"Partir da Igreja Matriz de Feliz Deserto e seguir pela estrada na direção de Coruripe; com 6,9 km, passar pelo portão do Sítio Japú, deixar a estrada, entrar à esquerda e subir uma ladeira íngreme; com 7,1 km, seguir à direita, acompanhado a beira da chapada; com 7,2 km, uns 30 m da beira da chapada e 38 m ao sul do poste n. 4316-2, da linha de alta tensão, local da estação. Marco de azimute: situado dentro do Sítio Japú, implantado uns 300 m a sudeste da sua sede e  a 7 m a esquerda do eixo de uma estradinha que segue em direção a praia.";;EL;{'nomeMunicipio': 'Coruripe', 'geocodigo': '2702306', 'uf': {'sigla': 'AL', 'nomeUF': 'Alagoas'}};2702306
10601;P;EP;SC-24-1006;10601;;15/12/1985;BOM;Bloco quadrangular, com 0,25 m de lado, quase rente ao solo, com uma chapa do IBGE incrustada no topo e estampada SC-24-1006-1985. Os marcos de referência A e B e o marco de azimute tem as mesmas  características do marco de centro, e com chapas do IBGE estampadas,  respectivamente, MR-A, MR-B e MARCO DE AZIMUTE-1985.  ;-10.1715189808;-36.17111505;" 10º 10' 17,46833""  S";" 36º 10' 16,01418"" W";0,502;0,404;Poligonação;15/12/1985;06/03/2006;SIRGAS2000;;;;40,76;;Nivelamento Trigonométrico;15/12/1985;15/12/1985;Imbituba;;;;;;;;;No alto de uma chapada, distante cerca de 2 km  a oeste da cidade de Coruripe.;Partir da Igreja Matriz de Feliz Deserto e seguir a  estrada para a cidade de Coruripe. Com 17 km defronte da entrada para o  loteamento da Praia do Mairy, entrar a esquerda. Com 17,6 km entrar a direita. Com 21 km passar pelo marco de azimute, uns 6 m a esquerda do  eixo da estrada e dentro de um canavial. Com 21,8 km chega na sede da  Fazenda Ver o Mar, local dos marcos da estação, a 40 m a sudoeste da sede  da fazenda e a 8 m da beira da chapada.;;;{'nomeMunicipio': 'Coruripe', 'geocodigo': '2702306', 'uf': {'sigla': 'AL', 'nomeUF': 'Alagoas'}};2702306
10602;P;EP;SC-24-1007;10602;;15/12/1985;BOM;Bloco quadrangular, com 0,25 m de lado, quase rente ao solo, com uma chapa do IBGE incrustada no topo e estampada SC-24-1007-1985. Os marcos de referência A e B e o marco de azimute tem as mesmas  características do marco principal, com chapas do IBGE  estampadas, respectivamente, MR-A, MR-B e MARCO DE AZIMUTE-1985.  ;-10.1134476169;-36.1074089431;" 10º 06' 48,41142""  S";" 36º 06' 26,67220"" W";0,534;0,399;Poligonação;15/12/1985;06/03/2006;SIRGAS2000;;;;35,92;;Nivelamento Trigonométrico;15/12/1985;15/12/1985;Imbituba;;;;;;;;;No alto de uma chapada distante cerca de 900 m  a nordeste do povoado de Lagoa do Pau e a 6 km a leste da cidade de Coruripe.;Partir da Agência do Banco do Brasil em Coruripe e seguir  a estrada para o povoado de Lagoa do Pau, no litoral. Com 7,9 km passar pelo posto médico desse povoado, local do marco de azimute a 15 m a  sudeste do posto e 75 m a direita da estrada. Prosseguir entrando a  esquerda e subindo uma ladeira íngreme. Com 8,1 km entrar a direita,  acompanhado a beira da chapada e com 8,6 km chega ao local dos marcos da estação, a 5 m a direita do eixo da estrada e uns 10 m da beira da chapada.;;;{'nomeMunicipio': 'Coruripe', 'geocodigo': '2702306', 'uf': {'sigla': 'AL', 'nomeUF': 'Alagoas'}};2702306
10603;P;EP;SC-24-1008;10603;;15/12/1985;BOM;Bloco quadrangular, com 0,25 m de lado, quase rente ao solo, tendo uma chapa do IBGE incrustada no topo e estampada SC-24-1008-1985. Os marcos de referência A e B tem as mesmas características do marco  principal, com chapas estampadas, respectivamente, MR-A e MR-B-1985. Como marco de azimute foi utilizada a antena (intervalo entre as duas luzes vermelhas) que fica a noroeste do prédio da Destilaria Camaçarí. ;-10.1096052508;-36.2243322306;" 10º 06' 34,57890""  S";" 36º 13' 27,59603"" W";0,471;0,400;Poligonação;15/12/1985;06/03/2006;SIRGAS2000;;;;70,04;;Nivelamento Trigonométrico;15/12/1985;15/12/1985;Imbituba;;;;;;;;;Em um canavial distante cerca de 2 km ao sul da Destilaría Camaçarí.;Partir da entrada para a Usina Corurípe e seguir uma  carroçável para a cidade do mesmo nome. Com 2 km entrar a direita para a localidade de Mato Grosso. Com 5 km passar por essa localidade. Com 7,9 km passar pela Fazenda Riacho Sêco. Com 8,8 km deixar a carroçável e entrar a esquerda, subindo uma chapada plantio de cana  Com 10,6 km entrar a esquerda na direção de frondosas mangueiras. Com  10,7 km chega ao local dos marcos da estação.;;;{'nomeMunicipio': 'Coruripe', 'geocodigo': '2702306', 'uf': {'sigla': 'AL', 'nomeUF': 'Alagoas'}};2702306
10643;P;EP;SC-25-1001;10643;;15/05/1990;BOM;Chapa estampada SC-25-1001, cravada em uma pedra. Os marcos de referência A e B são também chapas cravadas em pedras. O marco de azimute possui uma chapa incrustada em um marco quadrangular  de concreto quase rente ao solo.  ;-9.1186041675;-35.6680881961;" 09º 07' 06,97500""  S";" 35º 40' 05,11751"" W";0,308;0,345;Poligonação;15/12/1984;06/03/2006;SIRGAS2000;;;;408,03;;Nivelamento Trigonométrico;15/12/1984;15/12/1984;Imbituba;;;;;;;;;Na elevação mais alta de uma serra que estende-se na direção leste - oeste, distante cerca de 15 km a noroeste da  cidade de Matriz de Camaragibe. O marco principal está a uns 20 m ao norte da parte mais alta do morro.;Partir da Igreja Matriz de Joaquim Gomes e seguir em  direção a Usina Nova Alegria. Com 7,2 km chega-se a referida usina, seguir a estrada para a Fazenda Meirim. Com 10,7 km entrar a direita  por uma cancela, já na subida do morro. Com 13,7 km deixar o veículo.  A pé: seguir por um caminho para a antena de rádio da Usina Nova  Alegria, onde chega-se com uns 20 minutos de caminhada.  O marco principal está a uns 10 m ao norte da referida antena.  O marco de azimute partir do portão principal da Usina Nova Alegria e seguir em direção a Matriz de Camaragibe. Com 5,4 km deixar esta estrada e entrar a esquerda por uma carroçável e logo a seguir  dobrar novamente a esquerda. Com 5,7 km chega-se ao local do marco, uns  5 m do eixo da carroçável.;A EP-SC-25-1001 foi estabelecida para substituir o VT-MARIQUITA que foi  destruído.;;{'nomeMunicipio': 'São Luís do Quitunde', 'geocodigo': '2708501', 'uf': {'sigla': 'AL', 'nomeUF': 'Alagoas'}};2708501
10644;P;EP;SC-25-1002;10644;;15/03/1990;BOM;Chapa do IBGE, estampada  SC-25-1002-1984 incrustada em um marco quadrangular de concreto. Os marcos de referência B e C são idênticos ao marco principal com uma chapa estampada respectivamente MR-B-1984 e MR-C-1990. O marco de azimute é uma chapa cravada em pedra, uns 15 m a oeste da Vila Rua das Galhas ou Cajá, na Usina Taquara.  ;-8.99221814;-35.81024914;" 08º 59' 31,98530""  S";" 35º 48' 36,89690"" W";0,288;0,294;Poligonação;15/12/1984;06/03/2006;SIRGAS2000;;;;583,49;;Nivelamento Trigonométrico;15/12/1984;15/12/1984;Imbituba;;;;;;;;;Na parte mais alta de uma elevação de solo arenoso, conhecida na região por Peixinho, distante cerca de 10 km a sudoeste da Usina Taquara e a 15 km sudoeste da cidade de Colônia Leopoldina.;Partir da Igreja de São Manoel da Paciência, na localidade  Monte Alegre para a Serra do Peixinho. Com 4 km entrar a direita para a  localidade de Formosa. Com 1,3 km passar nesta localidade e entrar a  direita. Com 1,8 km em uma bifurcação entrar a esquerda onde começa a  subida da serra. Com 3,1 km entrar a direita, procurando a parte mais  alta da mesma. Com 3,4 km entrar novamente a direita. Com 3,7 km  chega-se ao local da estação.;A vegetação é cana de açúcar.;EL;{'nomeMunicipio': 'Joaquim Gomes', 'geocodigo': '2703809', 'uf': {'sigla': 'AL', 'nomeUF': 'Alagoas'}};2703809
10645;P;EP;SC-25-1003;10645;;15/12/1987;BOM;Chapa do IBGE, estampada  SC-25-1003-1987, cravada na laje de cobertura do Edifício Graciliano  Gomes. Foi utilizado como marco de azimute a RN M-1-SACS, localizada na Base do Farolete, extremidade noroeste do Cais do Porto de Maceió.;-9.6637122819;-35.6967269756;" 09º 39' 49,36422""  S";" 35º 41' 48,21711"" W";0,353;0,391;Poligonação;15/12/1987;06/03/2006;SIRGAS2000;;;;60,38;;Nivelamento Trigonométrico;15/12/1987;15/12/1987;Imbituba;;;;;;;;;No alto do prédio de apartamentos do Edifício Residencial Graciliano Ramos, na Rua Desportista Humberto Guimarães, nº 1081, no Bairro de Ponta Verde, na cidade de Maceió.;;;;{'nomeMunicipio': 'Maceió', 'geocodigo': '2704302', 'uf': {'sigla': 'AL', 'nomeUF': 'Alagoas'}};2704302
10596;P;EP;SC-24-1001;10596;;15/12/1984;BOM;Bloco quadrangular de concreto, com 25 cm de lado, quase rente ao solo. Possui uma chapa, estampada: SC-24-1001-1984. O marco de segurança está sob o marco principal. O marco de referência A é uma chapa cravada no canto nordeste da base da torre repetidora da TELASA. O marco de referência B é também uma chapa cravada no lado norte da calçada de proteção de um cruzeiro. Como marco de azimute, foi utilizado o centro da torre repetidora da EMBRATEL de Junqueiro.;-9.9081083117;-36.47662109;" 09º 54' 29,18992""  S";" 36º 28' 35,83592"" W";0,353;0,358;Poligonação;15/12/1984;06/03/2006;SIRGAS2000;;;;;307,3270;Nivelamento Geométrico;26/01/1984;30/07/2018;Imbituba;;3.006,083;;;;;S;Esta RN pertence a um ramal, isto é, uma linha de nivelamento geométrico que não forma circuito, cujos desníveis, portanto, não podem ser ajustados. Consequentemente, as respectivas altitudes são calculadas mediante simples transporte, sem as estimativas de desvio-padrão.;Em uma pequena elevação com formato de um  tronco de cone, terreno plano no topo, distante cerca de 2 km ao norte da  cidade de Junqueiro.;"Partir da cidade de Junqueiro e seguir para a cidade de São Miguel  dos Campos até 200 m aquém do marco quilométrico 188, local onde se segue à esquerda, por uma carroçável que vai até o topo de um morrote; a 19,60 m, az. mag. 74 graus do centro da torre repetidora da TELASA e a 10,40 m, az. mag. 334 graus do centro da base de um cruzeiro de concreto, local da estação.";"Na chapa do marco de segurança está estampado, erradamente, JUNQUEIRO-1984; o certo é SC-24-1001-1984. A EP SC-24-1001 foi estabelecida para substituir o VT JUNQUEIRO, que foi destruído.";;{'nomeMunicipio': 'Junqueiro', 'geocodigo': '2704005', 'uf': {'sigla': 'AL', 'nomeUF': 'Alagoas'}};2704005
9533L;R;RN;9533L;10596;;15/12/1984;BOM;Bloco quadrangular de concreto, com 25 cm de lado, quase rente ao solo. Possui uma chapa, estampada: SC-24-1001-1984. O marco de segurança está sob o marco principal. O marco de referência A é uma chapa cravada no canto nordeste da base da torre repetidora da TELASA. O marco de referência B é também uma chapa cravada no lado norte da calçada de proteção de um cruzeiro. Como marco de azimute, foi utilizado o centro da torre repetidora da EMBRATEL de Junqueiro.;-9.9081083117;-36.47662109;" 09º 54' 29,18992""  S";" 36º 28' 35,83592"" W";0,353;0,358;Poligonação;15/12/1984;06/03/2006;SIRGAS2000;;;;;307,3270;Nivelamento Geométrico;26/01/1984;30/07/2018;Imbituba;;3.006,083;;;;;S;Esta RN pertence a um ramal, isto é, uma linha de nivelamento geométrico que não forma circuito, cujos desníveis, portanto, não podem ser ajustados. Consequentemente, as respectivas altitudes são calculadas mediante simples transporte, sem as estimativas de desvio-padrão.;Em uma pequena elevação com formato de um  tronco de cone, terreno plano no topo, distante cerca de 2 km ao norte da  cidade de Junqueiro.;"Partir da cidade de Junqueiro e seguir para a cidade de São Miguel  dos Campos até 200 m aquém do marco quilométrico 188, local onde se segue à esquerda, por uma carroçável que vai até o topo de um morrote; a 19,60 m, az. mag. 74 graus do centro da torre repetidora da TELASA e a 10,40 m, az. mag. 334 graus do centro da base de um cruzeiro de concreto, local da estação.";"Na chapa do marco de segurança está estampado, erradamente, JUNQUEIRO-1984; o certo é SC-24-1001-1984. A EP SC-24-1001 foi estabelecida para substituir o VT JUNQUEIRO, que foi destruído.";;{'nomeMunicipio': 'Junqueiro', 'geocodigo': '2704005', 'uf': {'sigla': 'AL', 'nomeUF': 'Alagoas'}};2704005
10609;P;EP;SC-24-1014;10609;;15/12/1990;BOM;Chapa do IBGE, estampada  SC-24-1014-1988, cravada em uma pedra. Os marcos de referência A e B e o marco de azimute são idênticos ao marco principal, com chapas estampadas, respectivamente MR-A, MR-B e  AZIMUTE-1988, cravadas também em pedras. ;-9.3604666781;-36.4069636669;" 09º 21' 37,68004""  S";" 36º 24' 25,06920"" W";0,290;0,298;Poligonação;15/12/1990;06/03/2006;SIRGAS2000;;;;622,86;;Nivelamento Trigonométrico;15/12/1990;15/12/1990;Imbituba;;;;;;;;;Na parte mais alta de uma elevação de solo pedregoso, conhecida na região por Serra Grande, distante cerca de 4 km a  noroeste da cidade de Paulo Jacinto.;Partir da Igreja Matriz da cidade de Paulo Jacinto pela Rua São Pedro e seguir a estrada AL-210 em direção a cidade de Quebrangulo.  Com 1,9 km entrar a direita para o Sítio Taguará. Com 2,4 km entrar a  esquerda. Com 3,2 km entrar a esquerda para o Sítio Serra Grande. Com  4,9 km passar pelo referido sítio. Com 5,6 km chega ao local onde  deve ficar o veículo e também do marco de azimute que se encontra cravado em uma pedra, uns 50 m deste local.  A pé: a caminhada até o local da estação é de aproximadamente a 20  minutos.; A vegetação é mata rala. A visibilidade é limitada a oeste.;EL;{'nomeMunicipio': 'Paulo Jacinto', 'geocodigo': '2706604', 'uf': {'sigla': 'AL', 'nomeUF': 'Alagoas'}};2706604
10646;P;EP;SC-25-1004;10646;;15/12/1987;BOM;Chapa do IBGE, estampada  SC-25-1004 - 1987, cravada na laje de concreto que cobre a caixa d'água, no alto do edifício Residêncial Morada do Farol. Foi utilizada como marco de azimute a lâmpada de advertência no alto da antena da TV e Rádio Educativa FM.;-9.6439050369;-35.7382382625;" 09º 38' 38,05813""  S";" 35º 44' 17,65775"" W";0,344;0,382;Poligonação;15/12/1987;06/03/2006;SIRGAS2000;;;;108,53;;Nivelamento Trigonométrico;15/12/1987;15/12/1987;Imbituba;;;;;;;;;No alto de uma caixa d'água do prédio de apartamentos do Edifício Residêncial Morada do Farol, na Rua Virgínio de Campos, nº 575, no Bairro Farol, na cidade de Maceió.;;;;{'nomeMunicipio': 'Maceió', 'geocodigo': '2704302', 'uf': {'sigla': 'AL', 'nomeUF': 'Alagoas'}};2704302
10647;P;EP;SC-25-1006;10647;;15/12/1990;BOM;Chapa do IBGE, estampada  SC-25-1006-1990, incrustada em um marco quadrangular concreto. Os marcos de referência A, B e C e o marco de azimute são idênticos ao marco principal e com chapas estampada respectivamente MR-A, MR-B,  MR-C e AZIMUTE-1990.  ;-8.9209505881;-35.9776434553;" 08º 55' 15,42212""  S";" 35º 58' 39,51644"" W";0,274;0,275;Poligonação;15/12/1990;06/03/2006;SIRGAS2000;;;;657,46;;Nivelamento Trigonométrico;15/12/1990;15/12/1990;Imbituba;;;;;;;;;Na parte mais alta de uma pequena elevação de  solo argiloso, distante cerca de 2 km a sudeste da cidade de Ibateguara e  a 1,5 km a oeste da Fazenda São Lucas.;Partir da igreja na localidade de Roçadinho, município de  Ibateguara e seguir a direção para o Sítio Mucurí da Lima. Com 0,2 km em uma bifurcação entrar a direita. Com 3,7 km passar pelo marco de azimute, uns 300 m a direita da estrada e a 70 m a oeste de uma casa na Fazenda Dois Irmãos. Com 5,6 km chega-se ao local da estação.;A vegetação é canavial. A visibilidade é limitada entre 260 e 295 graus magnético. ;EL;{'nomeMunicipio': 'São José da Laje', 'geocodigo': '2708303', 'uf': {'sigla': 'AL', 'nomeUF': 'Alagoas'}};2708303
12521;P;EP;12521;12521;;15/12/1991;BOM;Chapa do IBGE, estampada: EP-12521-1990, cravada em uma pedra. Os marcos de referência A, B e C e o marco de azimute são chapas estampadas: MR-A, MR-B, MR-C e AZIMUTE-1990, também cravadas em pedras.  ;-9.3158953831;-38.0505687456;" 09º 18' 57,22338""  S";" 38º 03' 02,04748"" W";0,281;0,306;Poligonação;15/12/1991;06/03/2006;SIRGAS2000;;;;374,82;;Nivelamento Trigonométrico;15/12/1991;15/12/1991;Imbituba;;;;;;;;;Na parte mais alta de uma elevação de solo rochoso, conhecida na região por Serra do Fogo, distante cerca de 9 km a sudeste da cidade de Delmiro Gouvêia.;Partir do entroncamento da Rodovia BR-110 com a Rodovia BR-423 e seguir pela rodovia BR-423 para a cidade de Água Branca. Com 13,9 km deixar a BR e  entrar a esquerda por uma carroçável para a localidade de Sinimbu. Com  16,1 km entrar a direita para a localidade de Tanques. Com 17 km  passar por um lajedo, local do marco de azimute, uns 30 m a direita do eixo da estrada. Com 18,1 km chegar a um colchete, local onde deve ficar o veículo. A pé: a caminhada até o local da estação é de 10 minutos, aproximadamente.;A vegetação é caatinga. A visibilidade é limitada pela vegetação. ;;{'nomeMunicipio': 'Delmiro Gouveia', 'geocodigo': '2702405', 'uf': {'sigla': 'AL', 'nomeUF': 'Alagoas'}};2702405
12528;P;EP;12528;12528;;15/12/1991;BOM;Chapa do IBGE, estampada: EP-12528 - 1990, cravada em uma pedra. Os marcos de referência A, B e C e o marco de azimute são chapas estampadas MR-A, MR-B, MR-C e AZIMUTE-1990, cravada também em pedras.   ;-8.9525795056;-37.7253879378;" 08º 57' 09,28622""  S";" 37º 43' 31,39658"" W";0,313;0,286;Poligonação;15/12/1991;06/03/2006;SIRGAS2000;;;;811,15;;Nivelamento Trigonométrico;15/12/1991;15/12/1991;Imbituba;;;;;;;;;Na parte mais alta de uma elevação de solo pedregoso e arenoso, conhecida na região por Serra da Boa Vista a sudeste da Serra do Parafuso, distante cerca de 12 km a sudeste da cidade de Inajá.;Partir  da Igreja Matriz da cidade de Inajá em direção a  Rodovia BR-316. Com 1,1 km chegar a essa BR e seguir para a cidade de Canapi.  Com 9,3 km entrar a esquerda para a cidade de Manari. Com 12,7 km  passar pela localidade de Faveira. Com 16,1 km na Fazenda Serrote Preto entrar a esquerda em direção a serra. Com 17,9 km entrar a direita. Com 21,1 km entrar novamente a direita. Com 22 km  local onde deve ficar o veículo. A caminhada até o local da estação é de 45 minutos, aproximadamente.  Marco de azimute, partir com zero km da Fazenda Serrote Preto em direção a cidade de Manaíra. Com 1,3 km entrar a esquerda para a Fazenda Gravatá. Com 6,1 km chegar a sede dessa fazenda local do marco de azimute uns 50 m da frente dessa sede.;A vegetação é cerrado. A visibilidade é de 360 graus. ;;{'nomeMunicipio': 'Mata Grande', 'geocodigo': '2705002', 'uf': {'sigla': 'AL', 'nomeUF': 'Alagoas'}};2705002
12529;P;EP;12529;12529;;15/12/1991;BOM;Chapa do IBGE, estampada: EP-12529 -1990, cravada em uma pedra. Os marcos de referência A, B e C e o marco de azimute são chapas estampadas, MR-A, MR-B, MR-C e AZIMUTE-1990, cravada também em pedras.  ;-8.9687481572;-37.5187112933;" 08º 58' 07,49337""  S";" 37º 31' 07,36066"" W";0,322;0,281;Poligonação;15/12/1991;06/03/2006;SIRGAS2000;;;;706,30;;Nivelamento Trigonométrico;15/12/1991;15/12/1991;Imbituba;;;;;;;;;Na parte mais alta de uma elevação de solo pedregoso, conhecida na região por Serra do Exu, distante cerca de 12 km  a leste da localidade de Manari.;Partir da Igreja de São Sebastião, na localidade de Manari  em direção a cidade de Itaíba. Com 6,4 km deixar a estrada e entrar a  direita para a localidade de Exu. Com 11,8 km entrar a direita. Com 13  km, na Igreja de Santo Antônio na localidade de Exu, seguir para a localidade de Negras. Com 13,8 km passar por uma casa particular, local do marco de azimute.;A vegetação é cerrado ralo. A visibilidade é de 360 graus.;EL;{'nomeMunicipio': 'Canapi', 'geocodigo': '2701605', 'uf': {'sigla': 'AL', 'nomeUF': 'Alagoas'}};2701605
